"","product_id","product_category","sales","price","vendor_id","pet_size","pet_type","rating","re_buy","price_scaled","rating_scaled","sales_scaled","number_sold_yr","number_sold_m"
"1",4567,"Toys",61000,120.95,1132,"small","cat",10,0,-7.04480192076831,3.46938775510204,-55100.8403361345,504,42
"2",4184,"Supplements",138000,133.68,749,"large","dog",10,0,5.6851980792317,3.46938775510204,21899.1596638655,1032,86
"3",4609,"Bedding",183000,51.6,1174,"large","cat",10,0,-76.3948019207683,3.46938775510204,66899.1596638655,3547,296
"4",4360,"Supplements",50000,127.11,925,"extra_small","dog",10,0,-0.884801920768311,3.46938775510204,-66100.8403361345,393,33
"5",4319,"Food",192000,60.11,884,"large","cat",3,0,-67.8848019207683,-3.53061224489796,75899.1596638655,3194,266
"6",4777,"Snack",229000,45.23,1342,"medium","cat",7,0,-82.7648019207683,0.469387755102041,112899.159663866,5063,422
"7",4541,"Equipment",185000,109.45,1106,"extra_large","cat",10,0,-18.5448019207683,3.46938775510204,68899.1596638655,1690,141
"8",4341,"Food",126000,10.92,906,"extra_large","cat",5,1,-117.074801920768,-1.53061224489796,9899.15966386555,11538,962
"9",4384,"Accessory",204000,134,949,"large","dog",1,1,6.00519807923169,-5.53061224489796,87899.1596638655,1522,127
"10",4561,"Food",224000,108.64,1126,"extra_large","cat",10,1,-19.3548019207683,3.46938775510204,107899.159663866,2062,172
"11",4271,"Medicine",188000,22.01,836,"extra_large","fish",4,1,-105.984801920768,-2.53061224489796,71899.1596638655,8542,712
"12",4464,"Equipment",142000,147.64,1029,"large","dog",6,0,19.6451980792317,-0.530612244897959,25899.1596638655,962,80
"13",4316,"Supplements",22000,67.57,881,"extra_large","dog",6,1,-60.4248019207683,-0.530612244897959,-94100.8403361345,326,27
"14",4756,"Medicine",170000,137.53,1321,"small","dog",7,0,9.53519807923169,0.469387755102041,53899.1596638655,1236,103
"15",4595,"Snack",117000,122.46,1160,"extra_small","cat",10,0,-5.53480192076832,3.46938775510204,899.159663865546,955,80
"16",4575,"Clothes",74000,88.15,1140,"extra_small","cat",10,1,-39.8448019207683,3.46938775510204,-42100.8403361345,839,70
"17",4208,"Accessory",218000,79.99,773,"medium","dog",1,1,-48.0048019207683,-5.53061224489796,101899.159663866,2725,227
"18",4938,"Equipment",162000,138.68,1503,"small","dog",6,0,10.6851980792317,-0.530612244897959,45899.1596638655,1168,97
"19",4551,"Snack",100000,128.76,1116,"extra_large","cat",10,0,0.765198079231681,3.46938775510204,-16100.8403361345,777,65
"20",4477,"Bedding",202000,84.03,1042,"small","cat",6,1,-43.9648019207683,-0.530612244897959,85899.1596638655,2404,200
"21",4648,"Accessory",230000,19.36,1213,"medium","dog",10,0,-108.634801920768,3.46938775510204,113899.159663866,11880,990
"22",4506,"Food",13000,86.79,1071,"extra_large","dog",9,1,-41.2048019207683,2.46938775510204,-103100.840336134,150,12
"23",4594,"Food",143000,11.45,1159,"large","dog",10,0,-116.544801920768,3.46938775510204,26899.1596638655,12489,1041
"24",4813,"Snack",53000,92.42,1378,"medium","cat",2,1,-35.5748019207683,-4.53061224489796,-63100.8403361345,573,48
"25",4427,"Grooming",101000,12.27,992,"small","cat",2,0,-115.724801920768,-4.53061224489796,-15100.8403361345,8231,686
"26",4476,"Clothes",188000,76.04,1041,"extra_large","dog",9,1,-51.9548019207683,2.46938775510204,71899.1596638655,2472,206
"27",4451,"Food",139000,61.39,1016,"extra_large","cat",2,1,-66.6048019207683,-4.53061224489796,22899.1596638655,2264,189
"28",4830,"Equipment",140000,88.93,1395,"small","dog",2,1,-39.0648019207683,-4.53061224489796,23899.1596638655,1574,131
"29",4434,"Housing",170000,109.8,999,"large","dog",2,1,-18.1948019207683,-4.53061224489796,53899.1596638655,1548,129
"30",4531,"Clothes",88000,80.11,1096,"extra_large","cat",7,1,-47.8848019207683,0.469387755102041,-28100.8403361345,1098,92
"31",4599,"Housing",230000,75.45,1164,"large","cat",10,1,-52.5448019207683,3.46938775510204,113899.159663866,3048,254
"32",4750,"Medicine",111000,100.49,1315,"small","dog",7,1,-27.5048019207683,0.469387755102041,-5100.84033613445,1105,92
"33",4500,"Housing",177000,4.76,1065,"extra_small","dog",8,1,-123.234801920768,1.46938775510204,60899.1596638655,37185,3099
"34",4482,"Grooming",210000,26.68,1047,"small","dog",4,1,-101.314801920768,-2.53061224489796,93899.1596638655,7871,656
"35",4565,"Bedding",85000,28.46,1130,"extra_small","cat",10,1,-99.5348019207683,3.46938775510204,-31100.8403361345,2987,249
"36",4428,"Accessory",140000,86.16,993,"medium","dog",8,0,-41.8348019207683,1.46938775510204,23899.1596638655,1625,135
"37",4880,"Toys",11000,43.86,1445,"small","dog",6,0,-84.1348019207683,-0.530612244897959,-105100.840336134,251,21
"38",4952,"Toys",20000,107.11,1517,"small","dog",6,0,-20.8848019207683,-0.530612244897959,-96100.8403361345,187,16
"39",4280,"Housing",64000,33.62,845,"extra_small","dog",7,0,-94.3748019207683,0.469387755102041,-52100.8403361345,1904,159
"40",4432,"Clothes",137000,107.35,997,"small","dog",10,0,-20.6448019207683,3.46938775510204,20899.1596638655,1276,106
"41",4533,"Housing",35000,49.91,1098,"medium","cat",7,1,-78.0848019207683,0.469387755102041,-81100.8403361345,701,58
"42",4375,"Snack",117000,74.19,940,"extra_small","cat",1,0,-53.8048019207683,-5.53061224489796,899.159663865546,1577,131
"43",4581,"Grooming",188000,118.05,1146,"extra_large","cat",10,0,-9.94480192076831,3.46938775510204,71899.1596638655,1593,133
"44",4936,"Snack",122000,88.98,1501,"small","dog",6,0,-39.0148019207683,-0.530612244897959,5899.15966386555,1371,114
"45",4338,"Supplements",163000,62.45,903,"medium","dog",10,0,-65.5448019207683,3.46938775510204,46899.1596638655,2610,218
"46",4498,"Clothes",151000,133.34,1063,"medium","dog",4,1,5.34519807923169,-2.53061224489796,34899.1596638655,1132,94
"47",4293,"Medicine",66000,20.1,858,"medium","cat",8,1,-107.894801920768,1.46938775510204,-50100.8403361345,3284,274
"48",4520,"Clothes",141000,3.33,1085,"extra_small","dog",4,1,-124.664801920768,-2.53061224489796,24899.1596638655,42342,3529
"49",4874,"Toys",45000,40.31,1439,"small","dog",6,0,-87.6848019207683,-0.530612244897959,-71100.8403361345,1116,93
"50",4775,"Toys",172000,108.1,1340,"medium","cat",7,0,-19.8948019207683,0.469387755102041,55899.1596638655,1591,133
"51",4439,"Accessory",102000,97.46,1004,"large","cat",3,0,-30.5348019207683,-3.53061224489796,-14100.8403361345,1047,87
"52",4875,"Equipment",118000,85.71,1440,"medium","cat",6,0,-42.2848019207683,-0.530612244897959,1899.15966386555,1377,115
"53",4491,"Medicine",151000,26.51,1056,"extra_large","cat",5,0,-101.484801920768,-1.53061224489796,34899.1596638655,5696,475
"54",4752,"Food",116000,35.14,1317,"small","dog",7,0,-92.8548019207683,0.469387755102041,-100.840336134454,3301,275
"55",4991,"Toys",118000,6.27,1556,"medium","bird",6,0,-121.724801920768,-0.530612244897959,1899.15966386555,18820,1568
"56",4863,"Equipment",75000,21.83,1428,"medium","cat",6,1,-106.164801920768,-0.530612244897959,-41100.8403361345,3436,286
"57",4197,"Accessory",90000,32.43,762,"small","cat",8,1,-95.5648019207683,1.46938775510204,-26100.8403361345,2775,231
"58",4577,"Housing",14000,132.21,1142,"small","cat",10,0,4.2151980792317,3.46938775510204,-102100.840336134,106,9
"59",4681,"Medicine",20000,98.18,1246,"extra_large","cat",10,0,-29.8148019207683,3.46938775510204,-96100.8403361345,204,17
"60",4453,"Equipment",188000,134.41,1018,"medium","cat",5,0,6.41519807923169,-1.53061224489796,71899.1596638655,1399,117
"61",4858,"Snack",166000,86.09,1423,"small","dog",1,1,-41.9048019207683,-5.53061224489796,49899.1596638655,1928,161
"62",5015,"Toys",59000,35.06,1580,"medium","bird",6,1,-92.9348019207683,-0.530612244897959,-57100.8403361345,1683,140
"63",4801,"Snack",175000,58.82,1366,"medium","cat",7,1,-69.1748019207683,0.469387755102041,58899.1596638655,2975,248
"64",4980,"Equipment",126000,38.77,1545,"small","fish",6,0,-89.2248019207683,-0.530612244897959,9899.15966386555,3250,271
"65",4315,"Medicine",207000,139.49,880,"extra_small","cat",2,0,11.4951980792317,-4.53061224489796,90899.1596638655,1484,124
"66",4592,"Grooming",34000,118.24,1157,"small","dog",10,0,-9.75480192076832,3.46938775510204,-82100.8403361345,288,24
"67",4837,"Snack",25000,14.25,1402,"medium","cat",2,1,-113.744801920768,-4.53061224489796,-91100.8403361345,1754,146
"68",4870,"Snack",36000,60,1435,"small","dog",6,0,-67.9948019207683,-0.530612244897959,-80100.8403361345,600,50
"69",4716,"Food",99000,58.9,1281,"small","dog",10,0,-69.0948019207683,3.46938775510204,-17100.8403361345,1681,140
"70",4954,"Snack",94000,3.9,1519,"small","dog",6,0,-124.094801920768,-0.530612244897959,-22100.8403361345,24103,2009
"71",4937,"Toys",75000,111.54,1502,"medium","cat",6,0,-16.4548019207683,-0.530612244897959,-41100.8403361345,672,56
"72",4537,"Grooming",61000,23.7,1102,"small","cat",6,0,-104.294801920768,-0.530612244897959,-55100.8403361345,2574,214
"73",4624,"Supplements",70000,57.16,1189,"large","dog",10,0,-70.8348019207683,3.46938775510204,-46100.8403361345,1225,102
"74",4951,"Snack",190000,124.53,1516,"medium","cat",6,0,-3.46480192076831,-0.530612244897959,73899.1596638655,1526,127
"75",4774,"Snack",181000,52.53,1339,"small","dog",7,0,-75.4648019207683,0.469387755102041,64899.1596638655,3446,287
"76",4411,"Bedding",162000,33.44,976,"extra_large","cat",2,1,-94.5548019207683,-4.53061224489796,45899.1596638655,4844,404
"77",4953,"Equipment",46000,21.92,1518,"medium","cat",6,0,-106.074801920768,-0.530612244897959,-70100.8403361345,2099,175
"78",4394,"Grooming",21000,47.32,959,"large","dog",6,1,-80.6748019207683,-0.530612244897959,-95100.8403361345,444,37
"79",4447,"Medicine",184000,79.34,1012,"small","cat",5,0,-48.6548019207683,-1.53061224489796,67899.1596638655,2319,193
"80",4335,"Housing",153000,95.52,900,"extra_small","cat",4,0,-32.4748019207683,-2.53061224489796,36899.1596638655,1602,133
"81",4895,"Toys",140000,51.18,1460,"medium","cat",6,0,-76.8148019207683,-0.530612244897959,23899.1596638655,2735,228
"82",4655,"Toys",47000,57.43,1220,"extra_small","cat",10,0,-70.5648019207683,3.46938775510204,-69100.8403361345,818,68
"83",4871,"Toys",42000,56.95,1436,"medium","cat",6,0,-71.0448019207683,-0.530612244897959,-74100.8403361345,737,61
"84",4788,"Equipment",98000,27.08,1353,"small","dog",7,1,-100.914801920768,0.469387755102041,-18100.8403361345,3619,302
"85",4698,"Food",130000,33.72,1263,"medium","dog",10,1,-94.2748019207683,3.46938775510204,13899.1596638655,3855,321
"86",4792,"Snack",217000,20.97,1357,"small","dog",7,0,-107.024801920768,0.469387755102041,100899.159663866,10348,862
"87",4503,"Supplements",139000,134.84,1068,"medium","cat",4,1,6.84519807923169,-2.53061224489796,22899.1596638655,1031,86
"88",4759,"Medicine",72000,1.3,1324,"medium","cat",7,0,-126.694801920768,0.469387755102041,-44100.8403361345,55385,4615
"89",4602,"Supplements",142000,61.39,1167,"small","dog",10,1,-66.6048019207683,3.46938775510204,25899.1596638655,2313,193
"90",4663,"Clothes",224000,43.9,1228,"medium","cat",10,1,-84.0948019207683,3.46938775510204,107899.159663866,5103,425
"91",4242,"Food",142000,14.42,807,"small","bird",3,1,-113.574801920768,-3.53061224489796,25899.1596638655,9847,821
"92",4639,"Snack",178000,24.09,1204,"large","cat",10,1,-103.904801920768,3.46938775510204,61899.1596638655,7389,616
"93",4538,"Accessory",50000,40.79,1103,"medium","dog",4,1,-87.2048019207683,-2.53061224489796,-66100.8403361345,1226,102
"94",4173,"Supplements",79000,117.96,738,"medium","cat",1,0,-10.0348019207683,-5.53061224489796,-37100.8403361345,670,56
"95",4363,"Food",3000,148.45,928,"medium","cat",7,0,20.4551980792317,0.469387755102041,-113100.840336134,20,2
"96",4744,"Medicine",56000,24.27,1309,"small","dog",7,1,-103.724801920768,0.469387755102041,-60100.8403361345,2307,192
"97",4410,"Clothes",195000,22.11,975,"extra_small","dog",7,0,-105.884801920768,0.469387755102041,78899.1596638655,8820,735
"98",4217,"Supplements",177000,36.11,782,"small","fish",6,1,-91.8848019207683,-0.530612244897959,60899.1596638655,4902,408
"99",4877,"Toys",194000,46.92,1442,"medium","cat",6,0,-81.0748019207683,-0.530612244897959,77899.1596638655,4135,345
"100",4570,"Grooming",181000,134.95,1135,"extra_small","dog",10,0,6.95519807923168,3.46938775510204,64899.1596638655,1341,112
"101",4178,"Equipment",120000,89.65,743,"medium","dog",4,1,-38.3448019207683,-2.53061224489796,3899.15966386555,1339,112
"102",4778,"Toys",103000,49.54,1343,"small","dog",7,0,-78.4548019207683,0.469387755102041,-13100.8403361345,2079,173
"103",4793,"Toys",26000,14.81,1358,"medium","cat",7,1,-113.184801920768,0.469387755102041,-90100.8403361345,1756,146
"104",4474,"Snack",176000,62.48,1039,"large","dog",7,0,-65.5148019207683,0.469387755102041,59899.1596638655,2817,235
"105",4916,"Toys",96000,64.99,1481,"small","dog",6,0,-63.0048019207683,-0.530612244897959,-20100.8403361345,1477,123
"106",4511,"Housing",31000,10.65,1076,"extra_large","cat",2,0,-117.344801920768,-4.53061224489796,-85100.8403361345,2911,243
"107",4647,"Grooming",22000,121.5,1212,"small","cat",10,1,-6.49480192076831,3.46938775510204,-94100.8403361345,181,15
"108",4514,"Supplements",120000,31.86,1079,"large","dog",8,0,-96.1348019207683,1.46938775510204,3899.15966386555,3766,314
"109",4526,"Grooming",115000,135.59,1091,"extra_large","dog",6,1,7.59519807923169,-0.530612244897959,-1100.84033613445,848,71
"110",4190,"Clothes",57000,59.1,755,"extra_small","dog",2,0,-68.8948019207683,-4.53061224489796,-59100.8403361345,964,80
"111",4469,"Medicine",88000,48.04,1034,"large","cat",1,0,-79.9548019207683,-5.53061224489796,-28100.8403361345,1832,153
"112",4452,"Snack",138000,36.17,1017,"small","dog",3,1,-91.8248019207683,-3.53061224489796,21899.1596638655,3815,318
"113",4413,"Toys",18000,129.02,978,"medium","cat",9,0,1.0251980792317,2.46938775510204,-98100.8403361345,140,12
"114",4361,"Grooming",203000,53.98,926,"extra_large","cat",7,0,-74.0148019207683,0.469387755102041,86899.1596638655,3761,313
"115",4738,"Medicine",41000,96.08,1303,"small","dog",7,0,-31.9148019207683,0.469387755102041,-75100.8403361345,427,36
"116",4763,"Supplements",88000,129.52,1328,"medium","cat",7,0,1.5251980792317,0.469387755102041,-28100.8403361345,679,57
"117",4516,"Accessory",16000,97.44,1081,"extra_large","dog",6,0,-30.5548019207683,-0.530612244897959,-100100.840336134,164,14
"118",4576,"Bedding",188000,77.54,1141,"extra_large","dog",10,0,-50.4548019207683,3.46938775510204,71899.1596638655,2425,202
"119",4713,"Food",49000,110.76,1278,"medium","cat",10,1,-17.2348019207683,3.46938775510204,-67100.8403361345,442,37
"120",4310,"Equipment",105000,51.28,875,"extra_small","dog",9,1,-76.7148019207683,2.46938775510204,-11100.8403361345,2048,171
"121",4885,"Snack",116000,55.9,1450,"medium","cat",6,0,-72.0948019207683,-0.530612244897959,-100.840336134454,2075,173
"122",4527,"Accessory",82000,14.9,1092,"small","cat",9,0,-113.094801920768,2.46938775510204,-34100.8403361345,5503,459
"123",4408,"Snack",143000,109.55,973,"medium","dog",5,0,-18.4448019207683,-1.53061224489796,26899.1596638655,1305,109
"124",4305,"Supplements",102000,106.54,870,"extra_small","cat",1,0,-21.4548019207683,-5.53061224489796,-14100.8403361345,957,80
"125",4328,"Grooming",109000,71.42,893,"medium","dog",4,0,-56.5748019207683,-2.53061224489796,-7100.84033613445,1526,127
"126",4911,"Equipment",61000,26.95,1476,"medium","cat",6,0,-101.044801920768,-0.530612244897959,-55100.8403361345,2263,189
"127",4771,"Snack",93000,24.43,1336,"medium","cat",7,0,-103.564801920768,0.469387755102041,-23100.8403361345,3807,317
"128",4761,"Food",111000,143,1326,"medium","cat",7,0,15.0051980792317,0.469387755102041,-5100.84033613445,776,65
"129",4354,"Equipment",212000,107.16,919,"large","dog",7,0,-20.8348019207683,0.469387755102041,95899.1596638655,1978,165
"130",4342,"Snack",179000,149.16,907,"small","dog",5,1,21.1651980792317,-1.53061224489796,62899.1596638655,1200,100
"131",4528,"Food",126000,81.68,1093,"medium","dog",7,0,-46.3148019207683,0.469387755102041,9899.15966386555,1543,129
"132",4370,"Medicine",147000,85.6,935,"extra_small","dog",1,1,-42.3948019207683,-5.53061224489796,30899.1596638655,1717,143
"133",4684,"Medicine",87000,73.96,1249,"large","dog",10,0,-54.0348019207683,3.46938775510204,-29100.8403361345,1176,98
"134",4710,"Food",41000,97.82,1275,"small","dog",10,1,-30.1748019207683,3.46938775510204,-75100.8403361345,419,35
"135",4433,"Bedding",92000,136.06,998,"medium","cat",1,0,8.06519807923169,-5.53061224489796,-24100.8403361345,676,56
"136",4856,"Toys",79000,143.66,1421,"small","dog",1,1,15.6651980792317,-5.53061224489796,-37100.8403361345,550,46
"137",4899,"Equipment",184000,29.37,1464,"medium","cat",6,0,-98.6248019207683,-0.530612244897959,67899.1596638655,6265,522
"138",4919,"Toys",16000,71.27,1484,"medium","cat",6,0,-56.7248019207683,-0.530612244897959,-100100.840336134,224,19
"139",4962,"Equipment",134000,26.47,1527,"small","fish",6,0,-101.524801920768,-0.530612244897959,17899.1596638655,5062,422
"140",4768,"Snack",68000,130.47,1333,"small","dog",7,1,2.47519807923169,0.469387755102041,-48100.8403361345,521,43
"141",4329,"Accessory",143000,48.4,894,"large","cat",6,1,-79.5948019207683,-0.530612244897959,26899.1596638655,2955,246
"142",5017,"Snack",146000,20.15,1582,"medium","bird",6,1,-107.844801920768,-0.530612244897959,29899.1596638655,7246,604
"143",4935,"Equipment",19000,65.51,1500,"medium","cat",6,0,-62.4848019207683,-0.530612244897959,-97100.8403361345,290,24
"144",4721,"Supplements",145000,20.64,1286,"medium","cat",10,0,-107.354801920768,3.46938775510204,28899.1596638655,7025,585
"145",4502,"Medicine",135000,107.02,1067,"small","dog",1,1,-20.9748019207683,-5.53061224489796,18899.1596638655,1261,105
"146",4461,"Accessory",47000,5.89,1026,"extra_large","cat",2,0,-122.104801920768,-4.53061224489796,-69100.8403361345,7980,665
"147",4558,"Supplements",57000,78.91,1123,"medium","dog",10,0,-49.0848019207683,3.46938775510204,-59100.8403361345,722,60
"148",4582,"Accessory",101000,107.67,1147,"small","dog",10,0,-20.3248019207683,3.46938775510204,-15100.8403361345,938,78
"149",4711,"Medicine",195000,12.54,1276,"medium","cat",10,0,-115.454801920768,3.46938775510204,78899.1596638655,15550,1296
"150",4518,"Snack",61000,16.17,1083,"medium","dog",9,1,-111.824801920768,2.46938775510204,-55100.8403361345,3772,314
"151",4743,"Food",63000,3.96,1308,"medium","cat",7,0,-124.034801920768,0.469387755102041,-53100.8403361345,15909,1326
"152",4745,"Supplements",197000,41.51,1310,"medium","cat",7,0,-86.4848019207683,0.469387755102041,80899.1596638655,4746,395
"153",4694,"Supplements",13000,69.65,1259,"large","dog",10,1,-58.3448019207683,3.46938775510204,-103100.840336134,187,16
"154",4619,"Clothes",195000,134.6,1184,"large","cat",10,0,6.60519807923168,3.46938775510204,78899.1596638655,1449,121
"155",4754,"Supplements",202000,83.02,1319,"small","dog",7,0,-44.9748019207683,0.469387755102041,85899.1596638655,2433,203
"156",4314,"Toys",9000,114.96,879,"large","dog",6,0,-13.0348019207683,-0.530612244897959,-107100.840336134,78,7
"157",4483,"Accessory",137000,46.06,1048,"medium","cat",6,1,-81.9348019207683,-0.530612244897959,20899.1596638655,2974,248
"158",4543,"Bedding",101000,72.08,1108,"medium","cat",10,1,-55.9148019207683,3.46938775510204,-15100.8403361345,1401,117
"159",4574,"Equipment",200000,125.37,1139,"large","dog",10,1,-2.62480192076831,3.46938775510204,83899.1596638655,1595,133
"160",4700,"Supplements",217000,46.22,1265,"extra_small","dog",10,1,-81.7748019207683,3.46938775510204,100899.159663866,4695,391
"161",4819,"Snack",181000,28.9,1384,"medium","cat",2,1,-99.0948019207683,-4.53061224489796,64899.1596638655,6263,522
"162",4915,"Snack",163000,139.33,1480,"medium","cat",6,0,11.3351980792317,-0.530612244897959,46899.1596638655,1170,97
"163",4809,"Equipment",202000,74.85,1374,"medium","cat",2,1,-53.1448019207683,-4.53061224489796,85899.1596638655,2699,225
"164",4646,"Supplements",26000,106.24,1211,"extra_large","dog",10,0,-21.7548019207683,3.46938775510204,-90100.8403361345,245,20
"165",4485,"Snack",16000,21.92,1050,"extra_small","cat",2,0,-106.074801920768,-4.53061224489796,-100100.840336134,730,61
"166",4409,"Equipment",209000,103.96,974,"large","cat",1,1,-24.0348019207683,-5.53061224489796,92899.1596638655,2010,168
"167",4603,"Grooming",100000,51.34,1168,"medium","cat",10,1,-76.6548019207683,3.46938775510204,-16100.8403361345,1948,162
"168",4838,"Toys",105000,121.1,1403,"small","dog",2,1,-6.89480192076832,-4.53061224489796,-11100.8403361345,867,72
"169",4590,"Medicine",113000,118.96,1155,"extra_small","dog",10,1,-9.03480192076832,3.46938775510204,-3100.84033613445,950,79
"170",4932,"Equipment",213000,4.03,1497,"small","dog",6,0,-123.964801920768,-0.530612244897959,96899.1596638655,52854,4404
"171",4416,"Grooming",124000,128.41,981,"extra_large","dog",5,0,0.415198079231686,-1.53061224489796,7899.15966386555,966,80
"172",4888,"Snack",142000,91.05,1453,"small","dog",6,0,-36.9448019207683,-0.530612244897959,25899.1596638655,1560,130
"173",4645,"Medicine",201000,105.38,1210,"extra_small","cat",10,0,-22.6148019207683,3.46938775510204,84899.1596638655,1907,159
"174",4435,"Toys",34000,89.12,1000,"extra_small","cat",4,0,-38.8748019207683,-2.53061224489796,-82100.8403361345,382,32
"175",4463,"Snack",18000,65.43,1028,"medium","cat",1,0,-62.5648019207683,-5.53061224489796,-98100.8403361345,275,23
"176",4726,"Medicine",171000,49.11,1291,"small","dog",10,1,-78.8848019207683,3.46938775510204,54899.1596638655,3482,290
"177",4593,"Accessory",179000,81.48,1158,"medium","cat",10,0,-46.5148019207683,3.46938775510204,62899.1596638655,2197,183
"178",4638,"Food",148000,63.67,1203,"medium","dog",10,0,-64.3248019207683,3.46938775510204,31899.1596638655,2324,194
"179",4845,"Equipment",109000,121.07,1410,"medium","cat",1,1,-6.92480192076832,-5.53061224489796,-7100.84033613445,900,75
"180",4442,"Equipment",150000,109.68,1007,"small","dog",4,0,-18.3148019207683,-2.53061224489796,33899.1596638655,1368,114
"181",4861,"Snack",65000,15.82,1426,"medium","cat",1,1,-112.174801920768,-5.53061224489796,-51100.8403361345,4109,342
"182",4786,"Snack",149000,88.15,1351,"small","dog",7,1,-39.8448019207683,0.469387755102041,32899.1596638655,1690,141
"183",4521,"Bedding",11000,140.61,1086,"extra_large","cat",6,0,12.6151980792317,-0.530612244897959,-105100.840336134,78,7
"184",4931,"Toys",226000,25.8,1496,"medium","cat",6,0,-102.194801920768,-0.530612244897959,109899.159663866,8760,730
"185",4823,"Toys",90000,102.88,1388,"medium","cat",2,1,-25.1148019207683,-4.53061224489796,-26100.8403361345,875,73
"186",4723,"Medicine",229000,62.65,1288,"medium","cat",10,0,-65.3448019207683,3.46938775510204,112899.159663866,3655,305
"187",4827,"Equipment",207000,122.51,1392,"medium","cat",2,1,-5.4848019207683,-4.53061224489796,90899.1596638655,1690,141
"188",4705,"Medicine",99000,78.18,1270,"extra_small","cat",10,0,-49.8148019207683,3.46938775510204,-17100.8403361345,1266,106
"189",4851,"Equipment",63000,51.36,1416,"medium","cat",1,1,-76.6348019207683,-5.53061224489796,-53100.8403361345,1227,102
"190",4673,"Equipment",77000,105.39,1238,"medium","cat",10,1,-22.6048019207683,3.46938775510204,-39100.8403361345,731,61
"191",4185,"Grooming",109000,82.81,750,"extra_small","cat",3,1,-45.1848019207683,-3.53061224489796,-7100.84033613445,1316,110
"192",4348,"Medicine",123000,2.09,913,"medium","dog",1,0,-125.904801920768,-5.53061224489796,6899.15966386555,58852,4904
"193",4779,"Equipment",172000,21.75,1344,"medium","cat",7,0,-106.244801920768,0.469387755102041,55899.1596638655,7908,659
"194",4450,"Accessory",81000,57.97,1015,"extra_small","dog",2,1,-70.0248019207683,-4.53061224489796,-35100.8403361345,1397,116
"195",4702,"Medicine",142000,51.58,1267,"small","dog",10,1,-76.4148019207683,3.46938775510204,25899.1596638655,2753,229
"196",4522,"Housing",193000,18.12,1087,"small","dog",9,1,-109.874801920768,2.46938775510204,76899.1596638655,10651,888
"197",4670,"Accessory",78000,109.92,1235,"extra_small","dog",10,1,-18.0748019207683,3.46938775510204,-38100.8403361345,710,59
"198",4914,"Equipment",145000,114.35,1479,"small","dog",6,0,-13.6448019207683,-0.530612244897959,28899.1596638655,1268,106
"199",4826,"Toys",162000,90.84,1391,"small","dog",2,1,-37.1548019207683,-4.53061224489796,45899.1596638655,1783,149
"200",4327,"Supplements",4000,46.49,892,"small","cat",9,1,-81.5048019207683,2.46938775510204,-112100.840336134,86,7
"201",4844,"Toys",173000,120.32,1409,"small","dog",1,1,-7.67480192076832,-5.53061224489796,56899.1596638655,1438,120
"202",4568,"Medicine",151000,32.23,1133,"medium","dog",10,0,-95.7648019207683,3.46938775510204,34899.1596638655,4685,390
"203",4587,"Bedding",202000,13.29,1152,"small","cat",10,1,-114.704801920768,3.46938775510204,85899.1596638655,15199,1267
"204",4475,"Equipment",201000,78.13,1040,"extra_small","cat",5,1,-49.8648019207683,-1.53061224489796,84899.1596638655,2573,214
"205",4318,"Accessory",36000,40.92,883,"medium","dog",7,1,-87.0748019207683,0.469387755102041,-80100.8403361345,880,73
"206",4678,"Medicine",131000,98.89,1243,"medium","dog",10,1,-29.1048019207683,3.46938775510204,14899.1596638655,1325,110
"207",4652,"Clothes",214000,96.99,1217,"small","dog",10,0,-31.0048019207683,3.46938775510204,97899.1596638655,2206,184
"208",4860,"Equipment",191000,17.46,1425,"small","dog",1,1,-110.534801920768,-5.53061224489796,74899.1596638655,10939,912
"209",4175,"Accessory",83000,31.93,740,"extra_small","fish",7,0,-96.0648019207683,0.469387755102041,-33100.8403361345,2599,217
"210",4707,"Food",38000,87.8,1272,"medium","cat",10,0,-40.1948019207683,3.46938775510204,-78100.8403361345,433,36
"211",4412,"Housing",13000,99.66,977,"small","dog",1,0,-28.3348019207683,-5.53061224489796,-103100.840336134,130,11
"212",4794,"Equipment",96000,47.85,1359,"small","dog",7,1,-80.1448019207683,0.469387755102041,-20100.8403361345,2006,167
"213",4795,"Snack",16000,5.85,1360,"medium","cat",7,1,-122.144801920768,0.469387755102041,-100100.840336134,2735,228
"214",4929,"Equipment",128000,58.25,1494,"medium","cat",6,0,-69.7448019207683,-0.530612244897959,11899.1596638655,2197,183
"215",4353,"Snack",39000,43.15,918,"medium","cat",3,1,-84.8448019207683,-3.53061224489796,-77100.8403361345,904,75
"216",4545,"Toys",202000,50.93,1110,"extra_small","cat",10,0,-77.0648019207683,3.46938775510204,85899.1596638655,3966,331
"217",4797,"Equipment",189000,24.1,1362,"medium","cat",7,1,-103.894801920768,0.469387755102041,72899.1596638655,7842,654
"218",4550,"Food",15000,146.7,1115,"extra_small","dog",10,0,18.7051980792317,3.46938775510204,-101100.840336134,102,9
"219",4661,"Snack",104000,16.85,1226,"extra_large","cat",10,1,-111.144801920768,3.46938775510204,-12100.8403361345,6172,514
"220",4653,"Bedding",223000,133.84,1218,"medium","cat",10,1,5.84519807923169,3.46938775510204,106899.159663866,1666,139
"221",4616,"Food",113000,73.66,1181,"extra_large","dog",10,1,-54.3348019207683,3.46938775510204,-3100.84033613445,1534,128
"222",4490,"Toys",204000,48.07,1055,"extra_small","dog",3,0,-79.9248019207683,-3.53061224489796,87899.1596638655,4244,354
"223",4649,"Food",3000,61.32,1214,"large","cat",10,1,-66.6748019207683,3.46938775510204,-113100.840336134,49,4
"224",4846,"Snack",5000,58.9,1411,"small","dog",1,1,-69.0948019207683,-5.53061224489796,-111100.840336134,85,7
"225",4618,"Equipment",185000,35.1,1183,"medium","dog",10,0,-92.8948019207683,3.46938775510204,68899.1596638655,5271,439
"226",4333,"Clothes",40000,127.49,898,"medium","cat",10,1,-0.504801920768315,3.46938775510204,-76100.8403361345,314,26
"227",4709,"Supplements",152000,99.05,1274,"medium","cat",10,0,-28.9448019207683,3.46938775510204,35899.1596638655,1535,128
"228",4547,"Supplements",25000,144.56,1112,"small","cat",10,1,16.5651980792317,3.46938775510204,-91100.8403361345,173,14
"229",4489,"Housing",36000,5.24,1054,"large","cat",9,1,-122.754801920768,2.46938775510204,-80100.8403361345,6870,573
"230",4571,"Accessory",201000,118.44,1136,"extra_large","cat",10,1,-9.55480192076831,3.46938775510204,84899.1596638655,1697,141
"231",4897,"Snack",197000,59.22,1462,"medium","cat",6,0,-68.7748019207683,-0.530612244897959,80899.1596638655,3327,277
"232",4406,"Accessory",200000,128.47,971,"extra_large","dog",6,0,0.475198079231689,-0.530612244897959,83899.1596638655,1557,130
"233",4585,"Equipment",107000,84.67,1150,"extra_small","cat",10,1,-43.3248019207683,3.46938775510204,-9100.84033613445,1264,105
"234",4583,"Food",228000,22.16,1148,"medium","cat",10,1,-105.834801920768,3.46938775510204,111899.159663866,10289,857
"235",4770,"Equipment",92000,25,1335,"small","dog",7,1,-102.994801920768,0.469387755102041,-24100.8403361345,3680,307
"236",4755,"Food",157000,2.35,1320,"medium","cat",7,1,-125.644801920768,0.469387755102041,40899.1596638655,66809,5567
"237",4676,"Housing",205000,126.13,1241,"extra_large","dog",10,0,-1.86480192076831,3.46938775510204,88899.1596638655,1625,135
"238",4947,"Equipment",95000,107.68,1512,"medium","cat",6,0,-20.3148019207683,-0.530612244897959,-21100.8403361345,882,74
"239",4512,"Toys",219000,95.55,1077,"small","dog",1,0,-32.4448019207683,-5.53061224489796,102899.159663866,2292,191
"240",4519,"Equipment",166000,11.15,1084,"large","cat",8,0,-116.844801920768,1.46938775510204,49899.1596638655,14888,1241
"241",4420,"Equipment",95000,22.68,985,"extra_small","dog",2,1,-105.314801920768,-4.53061224489796,-21100.8403361345,4189,349
"242",4942,"Snack",22000,19.36,1507,"small","dog",6,0,-108.634801920768,-0.530612244897959,-94100.8403361345,1136,95
"243",4555,"Housing",26000,148.46,1120,"extra_small","cat",10,0,20.4651980792317,3.46938775510204,-90100.8403361345,175,15
"244",4902,"Equipment",70000,27.3,1467,"small","dog",6,0,-100.694801920768,-0.530612244897959,-46100.8403361345,2564,214
"245",4623,"Medicine",74000,115.92,1188,"medium","cat",10,1,-12.0748019207683,3.46938775510204,-42100.8403361345,638,53
"246",4828,"Snack",34000,19.23,1393,"small","dog",2,1,-108.764801920768,-4.53061224489796,-82100.8403361345,1768,147
"247",4400,"Bedding",129000,56.48,965,"extra_small","dog",8,1,-71.5148019207683,1.46938775510204,12899.1596638655,2284,190
"248",4387,"Equipment",122000,117.2,952,"small","cat",9,1,-10.7948019207683,2.46938775510204,5899.15966386555,1041,87
"249",4218,"Grooming",152000,14.96,783,"medium","bird",3,0,-113.034801920768,-3.53061224489796,35899.1596638655,10160,847
"250",4414,"Medicine",206000,52.82,979,"large","dog",3,0,-75.1748019207683,-3.53061224489796,89899.1596638655,3900,325
"251",4660,"Food",18000,137.96,1225,"extra_small","dog",10,1,9.9651980792317,3.46938775510204,-98100.8403361345,130,11
"252",4668,"Supplements",214000,23.5,1233,"medium","dog",10,0,-104.494801920768,3.46938775510204,97899.1596638655,9106,759
"253",4203,"Housing",194000,103.7,768,"medium","cat",9,1,-24.2948019207683,2.46938775510204,77899.1596638655,1871,156
"254",4504,"Grooming",96000,78.78,1069,"large","dog",6,0,-49.2148019207683,-0.530612244897959,-20100.8403361345,1219,102
"255",4970,"Toys",175000,14.69,1535,"small","fish",6,0,-113.304801920768,-0.530612244897959,58899.1596638655,11913,993
"256",4539,"Food",12000,97.2,1104,"large","cat",9,0,-30.7948019207683,2.46938775510204,-104100.840336134,123,10
"257",4728,"Food",37000,148.64,1293,"small","dog",10,1,20.6451980792317,3.46938775510204,-79100.8403361345,249,21
"258",4339,"Grooming",221000,145.4,904,"large","cat",1,1,17.4051980792317,-5.53061224489796,104899.159663866,1520,127
"259",4437,"Supplements",127000,120.73,1002,"small","cat",6,1,-7.26480192076831,-0.530612244897959,10899.1596638655,1052,88
"260",4881,"Equipment",20000,148.73,1446,"medium","cat",6,0,20.7351980792317,-0.530612244897959,-96100.8403361345,134,11
"261",4829,"Toys",177000,69.61,1394,"medium","cat",2,1,-58.3848019207683,-4.53061224489796,60899.1596638655,2543,212
"262",4245,"Clothes",31000,21.45,810,"extra_small","cat",6,0,-106.544801920768,-0.530612244897959,-85100.8403361345,1445,120
"263",5008,"Snack",127000,2.28,1573,"small","fish",6,0,-125.714801920768,-0.530612244897959,10899.1596638655,55702,4642
"264",4987,"Snack",222000,18.36,1552,"medium","bird",6,0,-109.634801920768,-0.530612244897959,105899.159663866,12092,1008
"265",4466,"Bedding",87000,46.98,1031,"extra_large","dog",1,1,-81.0148019207683,-5.53061224489796,-29100.8403361345,1852,154
"266",4281,"Toys",29000,16.99,846,"extra_large","cat",9,0,-111.004801920768,2.46938775510204,-87100.8403361345,1707,142
"267",4852,"Snack",30000,14.53,1417,"small","dog",1,1,-113.464801920768,-5.53061224489796,-86100.8403361345,2065,172
"268",5030,"Toys",133000,8.84,1595,"small","fish",6,1,-119.154801920768,-0.530612244897959,16899.1596638655,15045,1254
"269",4748,"Supplements",100000,27.88,1313,"small","dog",7,0,-100.114801920768,0.469387755102041,-16100.8403361345,3587,299
"270",4955,"Toys",84000,146.52,1520,"medium","cat",6,0,18.5251980792317,-0.530612244897959,-32100.8403361345,573,48
"271",4351,"Accessory",52000,103.25,916,"extra_large","cat",5,0,-24.7448019207683,-1.53061224489796,-64100.8403361345,504,42
"272",4214,"Housing",172000,86.27,779,"large","dog",6,0,-41.7248019207683,-0.530612244897959,55899.1596638655,1994,166
"273",4614,"Grooming",185000,128.15,1179,"large","dog",10,1,0.155198079231695,3.46938775510204,68899.1596638655,1444,120
"274",4884,"Equipment",44000,100.04,1449,"small","dog",6,0,-27.9548019207683,-0.530612244897959,-72100.8403361345,440,37
"275",4544,"Housing",77000,44.52,1109,"large","dog",10,0,-83.4748019207683,3.46938775510204,-39100.8403361345,1730,144
"276",4421,"Clothes",198000,65.57,986,"extra_large","cat",9,0,-62.4248019207683,2.46938775510204,81899.1596638655,3020,252
"277",4731,"Food",213000,36.31,1296,"medium","cat",7,1,-91.6848019207683,0.469387755102041,96899.1596638655,5866,489
"278",4757,"Supplements",12000,105.36,1322,"medium","cat",7,1,-22.6348019207683,0.469387755102041,-104100.840336134,114,9
"279",5014,"Snack",111000,28.85,1579,"small","fish",6,1,-99.1448019207683,-0.530612244897959,-5100.84033613445,3847,321
"280",4607,"Equipment",177000,121.06,1172,"small","cat",10,1,-6.93480192076831,3.46938775510204,60899.1596638655,1462,122
"281",4446,"Toys",96000,5.98,1011,"extra_large","dog",9,0,-122.014801920768,2.46938775510204,-20100.8403361345,16054,1338
"282",4368,"Housing",110000,25.77,933,"medium","dog",3,0,-102.224801920768,-3.53061224489796,-6100.84033613445,4269,356
"283",4566,"Housing",127000,130.21,1131,"extra_large","dog",10,0,2.2151980792317,3.46938775510204,10899.1596638655,975,81
"284",4321,"Equipment",227000,105.35,886,"extra_large","cat",5,0,-22.6448019207683,-1.53061224489796,110899.159663866,2155,180
"285",4665,"Housing",38000,93.38,1230,"extra_small","cat",10,1,-34.6148019207683,3.46938775510204,-78100.8403361345,407,34
"286",4398,"Equipment",187000,123.36,963,"medium","dog",1,1,-4.63480192076831,-5.53061224489796,70899.1596638655,1516,126
"287",4604,"Accessory",193000,125.79,1169,"large","dog",10,0,-2.2048019207683,3.46938775510204,76899.1596638655,1534,128
"288",4939,"Snack",143000,16,1504,"medium","cat",6,0,-111.994801920768,-0.530612244897959,26899.1596638655,8938,745
"289",4501,"Toys",21000,93.28,1066,"extra_large","cat",4,1,-34.7148019207683,-2.53061224489796,-95100.8403361345,225,19
"290",4540,"Snack",177000,8.97,1105,"extra_small","dog",10,1,-119.024801920768,3.46938775510204,60899.1596638655,19732,1644
"291",4372,"Grooming",227000,6.24,937,"small","dog",9,0,-121.754801920768,2.46938775510204,110899.159663866,36378,3032
"292",4349,"Supplements",189000,120.24,914,"large","cat",5,0,-7.75480192076832,-1.53061224489796,72899.1596638655,1572,131
"293",4256,"Clothes",46000,38.95,821,"extra_large","dog",8,1,-89.0448019207683,1.46938775510204,-70100.8403361345,1181,98
"294",4892,"Toys",224000,17.16,1457,"small","dog",6,0,-110.834801920768,-0.530612244897959,107899.159663866,13054,1088
"295",4449,"Grooming",38000,132.74,1014,"large","cat",5,0,4.7451980792317,-1.53061224489796,-78100.8403361345,286,24
"296",4893,"Equipment",101000,138.93,1458,"medium","cat",6,0,10.9351980792317,-0.530612244897959,-15100.8403361345,727,61
"297",4251,"Grooming",67000,116.05,816,"extra_large","cat",5,0,-11.9448019207683,-1.53061224489796,-49100.8403361345,577,48
"298",4350,"Grooming",60000,108.84,915,"extra_small","dog",2,0,-19.1548019207683,-4.53061224489796,-56100.8403361345,551,46
"299",4462,"Food",27000,66.51,1027,"small","dog",3,1,-61.4848019207683,-3.53061224489796,-89100.8403361345,406,34
"300",4367,"Bedding",62000,20.27,932,"small","cat",7,0,-107.724801920768,0.469387755102041,-54100.8403361345,3059,255
"301",4805,"Toys",25000,119.38,1370,"medium","cat",2,1,-8.61480192076831,-4.53061224489796,-91100.8403361345,209,17
"302",4686,"Food",181000,108.46,1251,"extra_large","dog",10,1,-19.5348019207683,3.46938775510204,64899.1596638655,1669,139
"303",4497,"Equipment",186000,63.3,1062,"small","cat",7,0,-64.6948019207683,0.469387755102041,69899.1596638655,2938,245
"304",4635,"Supplements",51000,108.19,1200,"extra_small","cat",10,1,-19.8048019207683,3.46938775510204,-65100.8403361345,471,39
"305",4336,"Toys",6000,72.55,901,"extra_large","dog",2,1,-55.4448019207683,-4.53061224489796,-110100.840336134,83,7
"306",4843,"Snack",130000,113.44,1408,"medium","cat",1,1,-14.5548019207683,-5.53061224489796,13899.1596638655,1146,95
"307",4459,"Supplements",126000,51.74,1024,"large","cat",6,1,-76.2548019207683,-0.530612244897959,9899.15966386555,2435,203
"308",4689,"Food",199000,31.1,1254,"large","cat",10,1,-96.8948019207683,3.46938775510204,82899.1596638655,6399,533
"309",4299,"Equipment",77000,57.2,864,"large","cat",10,1,-70.7948019207683,3.46938775510204,-39100.8403361345,1346,112
"310",4473,"Food",110000,45.94,1038,"medium","cat",5,0,-82.0548019207683,-1.53061224489796,-6100.84033613445,2394,200
"311",4722,"Food",21000,133.43,1287,"small","dog",10,1,5.4351980792317,3.46938775510204,-95100.8403361345,157,13
"312",4718,"Supplements",47000,99.78,1283,"small","dog",10,0,-28.2148019207683,3.46938775510204,-69100.8403361345,471,39
"313",4943,"Toys",124000,72.85,1508,"medium","cat",6,0,-55.1448019207683,-0.530612244897959,7899.15966386555,1702,142
"314",4324,"Housing",125000,133.86,889,"large","dog",4,0,5.8651980792317,-2.53061224489796,8899.15966386555,934,78
"315",4340,"Accessory",229000,18.51,905,"extra_small","dog",6,0,-109.484801920768,-0.530612244897959,112899.159663866,12372,1031
"316",4517,"Food",124000,133.35,1082,"small","cat",9,0,5.35519807923168,2.46938775510204,7899.15966386555,930,77
"317",4598,"Bedding",10000,70.07,1163,"medium","dog",10,1,-57.9248019207683,3.46938775510204,-106100.840336134,143,12
"318",4458,"Medicine",34000,93.6,1023,"medium","dog",3,1,-34.3948019207683,-3.53061224489796,-82100.8403361345,363,30
"319",4322,"Clothes",161000,142.28,887,"small","dog",4,0,14.2851980792317,-2.53061224489796,44899.1596638655,1132,94
"320",4499,"Bedding",40000,110.73,1064,"large","cat",4,0,-17.2648019207683,-2.53061224489796,-76100.8403361345,361,30
"321",4507,"Snack",223000,108.93,1072,"small","cat",2,0,-19.0648019207683,-4.53061224489796,106899.159663866,2047,171
"322",4393,"Supplements",16000,140.83,958,"medium","cat",5,0,12.8351980792317,-1.53061224489796,-100100.840336134,114,9
"323",4751,"Supplements",68000,11.97,1316,"medium","cat",7,1,-116.024801920768,0.469387755102041,-48100.8403361345,5681,473
"324",4886,"Toys",11000,113.74,1451,"small","dog",6,0,-14.2548019207683,-0.530612244897959,-105100.840336134,97,8
"325",4815,"Equipment",18000,93.31,1380,"medium","cat",2,1,-34.6848019207683,-4.53061224489796,-98100.8403361345,193,16
"326",4802,"Toys",66000,103.82,1367,"small","dog",7,1,-24.1748019207683,0.469387755102041,-50100.8403361345,636,53
"327",4644,"Toys",217000,66.3,1209,"large","dog",10,0,-61.6948019207683,3.46938775510204,100899.159663866,3273,273
"328",4257,"Bedding",91000,148.41,822,"small","cat",10,1,20.4151980792317,3.46938775510204,-25100.8403361345,613,51
"329",4472,"Accessory",28000,1.52,1037,"small","dog",4,0,-126.474801920768,-2.53061224489796,-88100.8403361345,18421,1535
"330",4572,"Food",49000,119.17,1137,"small","dog",10,1,-8.82480192076831,3.46938775510204,-67100.8403361345,411,34
"331",4422,"Bedding",194000,107.26,987,"small","dog",2,1,-20.7348019207683,-4.53061224489796,77899.1596638655,1809,151
"332",4209,"Food",192000,14.99,774,"large","cat",6,0,-113.004801920768,-0.530612244897959,75899.1596638655,12809,1067
"333",4785,"Equipment",142000,78.56,1350,"medium","cat",7,1,-49.4348019207683,0.469387755102041,25899.1596638655,1808,151
"334",4974,"Equipment",125000,4.59,1539,"small","fish",6,0,-123.404801920768,-0.530612244897959,8899.15966386555,27233,2269
"335",4703,"Supplements",87000,44.37,1268,"medium","cat",10,1,-83.6248019207683,3.46938775510204,-29100.8403361345,1961,163
"336",5010,"Equipment",224000,31.47,1575,"small","fish",6,0,-96.5248019207683,-0.530612244897959,107899.159663866,7118,593
"337",4390,"Housing",120000,4.41,955,"extra_small","dog",5,1,-123.584801920768,-1.53061224489796,3899.15966386555,27211,2268
"338",4608,"Clothes",56000,6.49,1173,"medium","dog",10,1,-121.504801920768,3.46938775510204,-60100.8403361345,8629,719
"339",5009,"Toys",174000,12.05,1574,"medium","bird",6,0,-115.944801920768,-0.530612244897959,57899.1596638655,14440,1203
"340",5027,"Toys",41000,30.06,1592,"medium","bird",6,1,-97.9348019207683,-0.530612244897959,-75100.8403361345,1364,114
"341",4833,"Equipment",68000,139.39,1398,"medium","cat",2,1,11.3951980792317,-4.53061224489796,-48100.8403361345,488,41
"342",4675,"Bedding",159000,141.41,1240,"extra_small","cat",10,0,13.4151980792317,3.46938775510204,42899.1596638655,1124,94
"343",4346,"Housing",22000,68.67,911,"extra_large","dog",8,0,-59.3248019207683,1.46938775510204,-94100.8403361345,320,27
"344",4313,"Housing",45000,143.53,878,"medium","cat",8,0,15.5351980792317,1.46938775510204,-71100.8403361345,314,26
"345",4529,"Snack",58000,30.17,1094,"large","cat",8,0,-97.8248019207683,1.46938775510204,-58100.8403361345,1922,160
"346",4470,"Supplements",186000,104.84,1035,"extra_small","dog",2,1,-23.1548019207683,-4.53061224489796,69899.1596638655,1774,148
"347",4484,"Food",95000,7.58,1049,"large","dog",1,0,-120.414801920768,-5.53061224489796,-21100.8403361345,12533,1044
"348",4415,"Supplements",25000,54.4,980,"extra_small","cat",9,1,-73.5948019207683,2.46938775510204,-91100.8403361345,460,38
"349",4798,"Snack",160000,40.09,1363,"small","dog",7,0,-87.9048019207683,0.469387755102041,43899.1596638655,3991,333
"350",4418,"Food",88000,27.66,983,"medium","dog",10,1,-100.334801920768,3.46938775510204,-28100.8403361345,3181,265
"351",4465,"Clothes",40000,9.2,1030,"extra_small","cat",5,1,-118.794801920768,-1.53061224489796,-76100.8403361345,4348,362
"352",4854,"Equipment",54000,131.34,1419,"small","dog",1,1,3.34519807923169,-5.53061224489796,-62100.8403361345,411,34
"353",4620,"Bedding",199000,13.51,1185,"extra_small","dog",10,1,-114.484801920768,3.46938775510204,82899.1596638655,14730,1227
"354",5005,"Snack",197000,19.72,1570,"medium","bird",6,0,-108.274801920768,-0.530612244897959,80899.1596638655,9990,832
"355",4330,"Food",33000,100.8,895,"extra_small","dog",4,0,-27.1948019207683,-2.53061224489796,-83100.8403361345,327,27
"356",4746,"Food",42000,143.58,1311,"small","dog",7,1,15.5851980792317,0.469387755102041,-74100.8403361345,293,24
"357",4907,"Toys",97000,29.7,1472,"medium","cat",6,0,-98.2948019207683,-0.530612244897959,-19100.8403361345,3266,272
"358",4524,"Medicine",154000,95.29,1089,"large","dog",5,0,-32.7048019207683,-1.53061224489796,37899.1596638655,1616,135
"359",4842,"Equipment",199000,14.55,1407,"small","dog",1,1,-113.444801920768,-5.53061224489796,82899.1596638655,13677,1140
"360",4460,"Grooming",200000,61.07,1025,"extra_small","dog",3,1,-66.9248019207683,-3.53061224489796,83899.1596638655,3275,273
"361",4553,"Clothes",110000,47.52,1118,"medium","cat",10,1,-80.4748019207683,3.46938775510204,-6100.84033613445,2315,193
"362",4438,"Grooming",76000,34.37,1003,"medium","dog",7,0,-93.6248019207683,0.469387755102041,-40100.8403361345,2211,184
"363",4715,"Supplements",196000,37.13,1280,"medium","cat",10,0,-90.8648019207683,3.46938775510204,79899.1596638655,5279,440
"364",4559,"Grooming",175000,108.71,1124,"large","cat",10,0,-19.2848019207683,3.46938775510204,58899.1596638655,1610,134
"365",4202,"Bedding",170000,48.96,767,"small","dog",7,0,-79.0348019207683,0.469387755102041,53899.1596638655,3472,289
"366",5037,"Equipment",157000,0.35,1602,"medium","bird",7,1,-127.644801920768,0.469387755102041,40899.1596638655,448571,37381
"367",4399,"Clothes",219000,61.8,964,"large","cat",10,0,-66.1948019207683,3.46938775510204,102899.159663866,3544,295
"368",4621,"Housing",181000,56.88,1186,"extra_large","cat",10,1,-71.1148019207683,3.46938775510204,64899.1596638655,3182,265
"369",4357,"Housing",31000,104.73,922,"small","cat",3,1,-23.2648019207683,-3.53061224489796,-85100.8403361345,296,25
"370",4832,"Toys",50000,148.86,1397,"small","dog",2,1,20.8651980792317,-4.53061224489796,-66100.8403361345,336,28
"371",4392,"Medicine",149000,94.22,957,"small","dog",4,1,-33.7748019207683,-2.53061224489796,32899.1596638655,1581,132
"372",4824,"Equipment",135000,31.72,1389,"small","dog",2,1,-96.2748019207683,-4.53061224489796,18899.1596638655,4256,355
"373",4221,"Snack",110000,120.08,786,"extra_large","cat",1,0,-7.91480192076831,-5.53061224489796,-6100.84033613445,916,76
"374",4800,"Equipment",112000,56.71,1365,"small","dog",7,1,-71.2848019207683,0.469387755102041,-4100.84033613445,1975,165
"375",4332,"Equipment",203000,52.03,897,"small","dog",9,1,-75.9648019207683,2.46938775510204,86899.1596638655,3902,325
"376",4930,"Snack",37000,62.8,1495,"small","dog",6,0,-65.1948019207683,-0.530612244897959,-79100.8403361345,589,49
"377",4436,"Medicine",71000,77.3,1001,"extra_large","dog",6,1,-50.6948019207683,-0.530612244897959,-45100.8403361345,918,77
"378",4591,"Supplements",167000,53.57,1156,"extra_large","cat",10,1,-74.4248019207683,3.46938775510204,50899.1596638655,3117,260
"379",4847,"Toys",116000,109.16,1412,"medium","cat",1,1,-18.8348019207683,-5.53061224489796,-100.840336134454,1063,89
"380",4690,"Medicine",36000,129.05,1255,"extra_small","dog",10,0,1.0551980792317,3.46938775510204,-80100.8403361345,279,23
"381",4320,"Snack",5000,94.51,885,"extra_small","dog",8,0,-33.4848019207683,1.46938775510204,-111100.840336134,53,4
"382",4781,"Toys",172000,108.77,1346,"medium","cat",7,0,-19.2248019207683,0.469387755102041,55899.1596638655,1581,132
"383",4878,"Equipment",9000,40.21,1443,"small","dog",6,0,-87.7848019207683,-0.530612244897959,-107100.840336134,224,19
"384",4304,"Medicine",177000,48.1,869,"large","dog",2,1,-79.8948019207683,-4.53061224489796,60899.1596638655,3680,307
"385",4706,"Supplements",17000,14.44,1271,"small","dog",10,0,-113.554801920768,3.46938775510204,-99100.8403361345,1177,98
"386",4402,"Toys",19000,12.22,967,"small","dog",8,0,-115.774801920768,1.46938775510204,-97100.8403361345,1555,130
"387",4345,"Bedding",93000,41.18,910,"extra_small","cat",1,0,-86.8148019207683,-5.53061224489796,-23100.8403361345,2258,188
"388",4780,"Snack",67000,140.3,1345,"small","dog",7,1,12.3051980792317,0.469387755102041,-49100.8403361345,478,40
"389",4917,"Equipment",74000,56.81,1482,"medium","cat",6,0,-71.1848019207683,-0.530612244897959,-42100.8403361345,1303,109
"390",4642,"Bedding",36000,138.11,1207,"small","dog",10,1,10.1151980792317,3.46938775510204,-80100.8403361345,261,22
"391",4196,"Grooming",121000,76.5,761,"extra_large","dog",1,1,-51.4948019207683,-5.53061224489796,4899.15966386555,1582,132
"392",4381,"Medicine",26000,98.75,946,"extra_large","cat",8,1,-29.2448019207683,1.46938775510204,-90100.8403361345,263,22
"393",4344,"Clothes",33000,121.08,909,"large","dog",5,0,-6.91480192076831,-1.53061224489796,-83100.8403361345,273,23
"394",4505,"Accessory",109000,8.98,1070,"extra_small","cat",10,0,-119.014801920768,3.46938775510204,-7100.84033613445,12138,1012
"395",4956,"Equipment",173000,12.28,1521,"small","dog",6,0,-115.714801920768,-0.530612244897959,56899.1596638655,14088,1174
"396",4816,"Snack",189000,70.9,1381,"small","dog",2,1,-57.0948019207683,-4.53061224489796,72899.1596638655,2666,222
"397",4920,"Equipment",89000,12.56,1485,"small","dog",6,0,-115.434801920768,-0.530612244897959,-27100.8403361345,7086,590
"398",4666,"Toys",41000,58.51,1231,"extra_large","dog",10,0,-69.4848019207683,3.46938775510204,-75100.8403361345,701,58
"399",4352,"Food",192000,44.5,917,"small","dog",8,0,-83.4948019207683,1.46938775510204,75899.1596638655,4315,360
"400",4957,"Snack",35000,122.41,1522,"medium","cat",6,0,-5.58480192076831,-0.530612244897959,-81100.8403361345,286,24
"401",4925,"Toys",189000,30.26,1490,"medium","cat",6,0,-97.7348019207683,-0.530612244897959,72899.1596638655,6246,520
"402",4425,"Medicine",105000,139.75,990,"extra_small","cat",3,1,11.7551980792317,-3.53061224489796,-11100.8403361345,751,63
"403",4440,"Food",81000,70.13,1005,"extra_small","dog",6,0,-57.8648019207683,-0.530612244897959,-35100.8403361345,1155,96
"404",4948,"Snack",221000,94.25,1513,"small","dog",6,0,-33.7448019207683,-0.530612244897959,104899.159663866,2345,195
"405",4739,"Supplements",75000,27.66,1304,"medium","cat",7,0,-100.334801920768,0.469387755102041,-41100.8403361345,2711,226
"406",4430,"Snack",229000,66.4,995,"extra_small","dog",6,1,-61.5948019207683,-0.530612244897959,112899.159663866,3449,287
"407",4901,"Toys",46000,117.58,1466,"medium","cat",6,0,-10.4148019207683,-0.530612244897959,-70100.8403361345,391,33
"408",4701,"Food",14000,140.93,1266,"extra_large","cat",10,1,12.9351980792317,3.46938775510204,-102100.840336134,99,8
"409",4250,"Supplements",68000,130.14,815,"extra_small","dog",2,1,2.14519807923168,-4.53061224489796,-48100.8403361345,523,44
"410",4205,"Medicine",156000,12.05,770,"extra_small","fish",1,0,-115.944801920768,-5.53061224489796,39899.1596638655,12946,1079
"411",4747,"Medicine",102000,95.59,1312,"medium","cat",7,1,-32.4048019207683,0.469387755102041,-14100.8403361345,1067,89
"412",4699,"Medicine",173000,102.06,1264,"large","cat",10,0,-25.9348019207683,3.46938775510204,56899.1596638655,1695,141
"413",4569,"Supplements",190000,149.34,1134,"large","cat",10,0,21.3451980792317,3.46938775510204,73899.1596638655,1272,106
"414",4311,"Clothes",180000,140.66,876,"extra_large","cat",9,1,12.6651980792317,2.46938775510204,63899.1596638655,1280,107
"415",4536,"Supplements",140000,77.41,1101,"extra_large","dog",1,0,-50.5848019207683,-5.53061224489796,23899.1596638655,1809,151
"416",4924,"Snack",121000,113.71,1489,"small","dog",6,0,-14.2848019207683,-0.530612244897959,4899.15966386555,1064,89
"417",4404,"Supplements",57000,82.69,969,"large","dog",6,1,-45.3048019207683,-0.530612244897959,-59100.8403361345,689,57
"418",4564,"Clothes",195000,67.52,1129,"large","dog",10,1,-60.4748019207683,3.46938775510204,78899.1596638655,2888,241
"419",4325,"Toys",79000,129,890,"extra_small","cat",3,0,1.00519807923169,-3.53061224489796,-37100.8403361345,612,51
"420",4641,"Clothes",47000,100.1,1206,"extra_large","cat",10,0,-27.8948019207683,3.46938775510204,-69100.8403361345,470,39
"421",4554,"Bedding",107000,104.75,1119,"large","dog",10,0,-23.2448019207683,3.46938775510204,-9100.84033613445,1021,85
"422",4495,"Food",159000,36.02,1060,"extra_small","cat",4,0,-91.9748019207683,-2.53061224489796,42899.1596638655,4414,368
"423",4407,"Food",177000,133.57,972,"small","cat",3,1,5.57519807923168,-3.53061224489796,60899.1596638655,1325,110
"424",4733,"Supplements",82000,64.32,1298,"medium","cat",7,0,-63.6748019207683,0.469387755102041,-34100.8403361345,1275,106
"425",4927,"Snack",114000,61.09,1492,"medium","cat",6,0,-66.9048019207683,-0.530612244897959,-2100.84033613445,1866,156
"426",4949,"Toys",217000,10.28,1514,"medium","cat",6,0,-117.714801920768,-0.530612244897959,100899.159663866,21109,1759
"427",4343,"Equipment",212000,129.84,908,"medium","cat",10,1,1.84519807923169,3.46938775510204,95899.1596638655,1633,136
